msm_id,target_anchor_prb_id,is_mesh,msm_type,af,succeed_count,fail_count,succeed_ratio
10339634,6318,False,http,4,62,3,0.9538461538461539
10339616,6318,True,http,4,786,78,0.9097222222222222
10339633,6318,False,ping,4,65,0,1.0
10339615,6318,True,ping,4,810,54,0.9375
10339632,6318,False,traceroute,4,64,1,0.9846153846153847
10339614,6318,True,traceroute,4,809,55,0.9363425925925926
